date,ticker,open,high,low,close,volume,returns,rsi,macd,macd_signal,sma_20,ema_20,bb_bbm,bb_bbh,bb_bbl,reddit_sentiment_score,news_sentiment_score
2025-06-13,AAPL,199.72999572753903,200.3699951171875,195.6999969482422,196.4499969482422,51447300,-0.0138052210950311,,,,,,,,,0.0,0.0
2025-06-16,AAPL,197.3000030517578,198.69000244140625,196.55999755859375,198.4199981689453,43020700,0.0100280033153787,,,,,,,,,0.0,0.0
2025-06-17,AAPL,197.1999969482422,198.38999938964844,195.2100067138672,195.63999938964844,38856200,-0.0140106783839895,,,,,,,,,0.0,0.0
2025-06-18,AAPL,195.94000244140625,197.57000732421875,195.07000732421875,196.5800018310547,45394700,0.0048047559003212,,,,,,,,,0.0,0.0
2025-06-20,AAPL,198.2400054931641,201.6999969482422,196.86000061035156,201.0,96813500,0.0224844751641826,,,,,,,,,0.0,0.0
2025-06-23,AAPL,201.6300048828125,202.3000030517578,198.9600067138672,201.5,55814300,0.0024875621890547,,,,,,,,,0.0,0.0
2025-06-24,AAPL,202.58999633789065,203.44000244140625,200.1999969482422,200.3000030517578,54064000,-0.0059553198423929,,,,,,,,,0.0,0.0
2025-06-25,AAPL,201.4499969482422,203.6699981689453,200.6199951171875,201.55999755859375,39525700,0.0062905366332437,,,,,,,,,0.0,0.0
2025-06-26,AAPL,201.42999267578125,202.63999938964844,199.4600067138672,201.0,50799100,-0.0027783169546375,,,,,,,,,0.0,0.0
2025-06-27,AAPL,201.88999938964844,203.22000122070312,200.0,201.0800018310547,73114100,0.0003980190599734,,,,,,,,,0.0,0.0
2025-06-18,AMC,3.0,3.069999933242798,2.9800000190734863,3.0199999809265137,6361800,-0.0351438113394614,,,,,,,,,0.0,0.0
2025-06-20,AMC,3.009999990463257,3.059999942779541,2.9800000190734863,3.009999990463257,9671100,-0.0033112551411966,2.802223385317731,,,,,,,,0.0,0.0
2025-06-23,AMC,2.9600000381469727,3.009999990463257,2.930000066757202,2.990000009536743,6562300,-0.0066445119567709,2.801887114110144,,,,,,,,0.0,0.0
2025-06-24,AMC,3.0,3.049999952316284,3.0,3.0,4379900,0.0033444784051375,2.8081672839615095,,,,,,,,0.0,0.0
2025-06-25,AMC,3.009999990463257,3.0799999237060547,2.950000047683716,2.9800000190734863,4968100,-0.0066666603088378,2.8077765413481615,,,,,,,,0.0,0.0
2025-06-26,AMC,2.9700000286102295,3.0299999713897705,2.9700000286102295,3.0199999809265137,4237100,0.013422805905036,2.836896037805971,,,,,,,,0.0,0.0
2025-06-27,AMC,3.0199999809265137,3.0799999237060547,3.0,3.069999933242798,9718000,0.0165562757059833,2.876067816895926,,,,,,,,0.0,0.0
2025-06-13,AMZN,209.9600067138672,214.0500030517578,209.6199951171875,212.1000061035156,29337800,-0.0053460859139071,65.37289083862063,,,122.15450052022932,113.30696163280444,122.15450052022932,316.86575351564835,-72.55675247518968,0.0,0.0
2025-06-16,AMZN,212.30999755859375,217.05999755859375,211.6000061035156,216.1000061035156,33284200,0.0188590282173202,65.85790630303138,,,123.137000977993,123.0967753919198,123.137000977993,319.5289515778354,-73.25494962184936,0.0,0.0
2025-06-17,AMZN,215.1999969482422,217.41000366210935,214.55999755859375,214.82000732421875,32086300,-0.0059231778951626,65.54153998580637,,,123.95700143575668,131.83232129023398,123.95700143575668,321.73151307649823,-73.81751020498488,0.0,0.0
2025-06-18,AMZN,215.08999633789065,217.9600067138672,212.33999633789065,212.52000427246097,44360500,-0.0107066519567076,64.93789160071071,,,124.80100167989733,139.51686252663654,124.80100167989733,323.93135788970443,-74.32935452990982,0.0,0.0
2025-06-20,AMZN,214.67999267578125,214.88999938964844,208.27000427246097,209.69000244140625,75350700,-0.0133164020993831,64.15493006854136,,,125.45650171041488,146.20001870899557,125.45650171041488,325.61135066642237,-74.69834724559259,0.0,0.0
2025-06-23,AMZN,209.7899932861328,210.38999938964844,207.30999755859375,208.47000122070312,37311700,-0.00581811820544,63.797816551557055,10.98511602301997,,125.83000177145004,152.1304932339201,125.83000177145004,326.5743410312234,-74.91433748832335,0.0,0.0
2025-06-24,AMZN,212.13999938964844,214.33999633789065,211.0500030517578,212.77000427246097,38378800,0.0206264835543676,64.54688893523875,14.137868817793503,,126.39350198507309,157.90568476140018,126.39350198507309,328.0455356853891,-75.25853171524294,0.0,0.0
2025-06-25,AMZN,214.6199951171875,216.02999877929688,211.11000061035156,211.9900054931641,31755700,-0.0036659245365152,64.2870391942624,16.384636844777077,,126.9780021071434,163.0565724501396,126.9780021071434,329.54920992424843,-75.59320570996161,0.0,0.0
2025-06-26,AMZN,213.1199951171875,218.0399932861328,212.0099945068359,217.1199951171875,50480800,0.0241992051091712,65.2771184902469,18.36743561832131,,127.75600198507308,168.20546984700132,127.75600198507308,331.5826294725067,-76.07062550236057,0.0,0.0
2025-06-20,GME,23.520000457763672,23.729999542236328,23.1299991607666,23.459999084472656,19994200,0.0008531804590183,30.09845349326824,-6.1341339576192695,,121.00550202131272,146.24130866025638,121.00550202131272,326.64134196562236,-84.63033792299692,0.0,0.0
2025-06-23,GME,23.030000686645508,23.329999923706055,22.450000762939453,22.81999969482422,12120500,-0.0272804524562846,30.037399605740543,-15.207194583287375,,121.9955020070076,134.48689828259617,121.9955020070076,325.52962962395446,-81.53862560993925,0.0,0.0
2025-06-24,GME,23.030000686645508,23.329999923706055,22.850000381469727,23.290000915527344,11660200,0.0205960222168506,30.149457648550268,-22.104923527862567,-0.925234096507641,123.0095020532608,123.89671758097056,123.0095020532608,324.3526756935276,-78.333671587006,0.0,0.0
2025-06-25,GME,23.3799991607666,23.690000534057617,23.049999237060547,23.549999237060547,9840700,0.0111635170164319,30.21604456651528,-27.23647854963977,-6.187482987134067,124.037502014637,114.33988726250296,124.037502014637,323.1162522663319,-75.04124823705791,0.0,0.0
2025-06-26,GME,23.399999618530273,24.059999465942383,23.299999237060547,23.8799991607666,8778000,0.0140127360678099,30.30685529736327,-30.920215640598187,-11.13402951782689,125.08150197267533,105.72465982424237,125.08150197267533,321.815532467969,-71.65252852261834,0.0,0.0
2025-06-27,GME,23.989999771118164,24.260000228881836,23.459999084472656,23.59000015258789,11586900,-0.0121440124945716,30.26957706610324,-33.47710113826251,-15.602643841914016,126.11200197935104,97.9023112840848,126.11200197935104,320.47861605271083,-68.25461209400873,0.0,0.0
2025-06-13,GOOGL,172.44000244140625,177.1300048828125,172.38999938964844,174.6699981689453,27663100,-0.0058622583789815,58.680844593644,-14.548987815766566,-16.569845267132223,143.32600173950195,111.9171750128878,143.32600173950195,320.8035161419474,-34.1515126629435,0.0,0.0
2025-06-16,GOOGL,174.72999572753906,176.94000244140625,174.64999389648438,176.77000427246094,27389200,0.0120227063922244,58.949500184464625,-7.622140984045686,-14.780304410514916,141.5025016784668,118.09363494237095,141.5025016784668,316.8053088022871,-33.80030544535353,0.0,0.0
2025-06-17,GOOGL,175.6999969482422,177.36000061035156,174.5800018310547,175.9499969482422,24973000,-0.00463883749731,58.78876142379257,-2.173675919711485,-12.258978712354232,139.69500122070312,123.60376465721583,139.69500122070312,312.7803281948154,-33.39032575340917,0.0,0.0
2025-06-18,GOOGL,176.00999450683594,176.55999755859375,173.1999969482422,173.32000732421875,28707500,-0.0149473695347496,58.24025121512546,1.910036008773119,-9.425175768128762,137.55600128173828,128.3386449112161,137.55600128173828,307.8463779436142,-32.734375380137635,0.0,0.0
2025-06-23,GOOGL,166.27000427246094,167.33999633789062,162.0,165.19000244140625,57671000,-0.0087013739411491,56.46242576103648,6.4594753560620575,-4.01143654143407,132.78050079345704,135.14864147912635,132.78050079345704,296.8281416858846,-31.267140098970486,0.0,0.0
2025-06-24,GOOGL,166.9199981689453,168.22000122070312,166.1300048828125,166.77000427246094,40524300,0.0095647545717247,56.75592764144383,8.004107085568734,-1.608327816033509,130.63450088500977,138.1601998403963,130.63450088500977,291.6973774287537,-30.42837565873415,0.0,0.0
2025-06-25,GOOGL,167.6300048828125,172.36000061035156,167.5500030517578,170.67999267578125,35479000,0.0234453936748262,57.51913504272155,9.434981651281078,0.6003340774294083,128.74500045776367,141.25732296757582,128.74500045776367,286.97276228589055,-29.48276137036322,0.0,0.0
2025-06-26,GOOGL,172.42999267578125,173.69000244140625,169.94000244140625,173.5399932861328,31796700,0.0167565076932263,58.10162508628101,10.67666426112612,2.6156001141687506,126.78349990844728,144.33186299791458,126.78349990844728,281.7348235517299,-28.16782373483538,0.0,0.0
2025-06-13,JPM,265.0799865722656,267.0199890136719,262.7099914550781,264.95001220703125,7098300,-0.0122650542317315,70.98827497879502,25.1878896238062,9.76471989224243,131.9875,166.49619656201526,131.9875,301.2133987096809,-37.238398709680894,0.0,0.0
2025-06-16,JPM,267.0,271.7300109863281,266.8500061035156,270.3599853515625,8566000,0.0204188446698538,71.59870134567507,30.11604405422122,13.83498472463819,134.34049911499022,176.38798597054355,134.34049911499022,309.7743974143691,-41.09339918438869,0.0,0.0
2025-06-17,JPM,268.1700134277344,270.5899963378906,267.79998779296875,269.5199890136719,6739300,-0.0031069551094935,71.34768236085303,33.566922671561116,17.781372314022775,146.64449853897094,185.2577005460796,146.64449853897094,323.7501558341833,-30.46115875624145,0.0,0.0
2025-06-18,JPM,270.0,277.7200012207031,269.7200012207031,273.9599914550781,9586400,0.0164737408073321,71.90830403342027,36.24226169561129,21.47355019034048,159.1694981575012,193.705537775508,159.1694981575012,335.08389253816495,-16.7448962231625,0.0,0.0
2025-06-20,JPM,275.57000732421875,277.29998779296875,273.80999755859375,275.0,13969700,0.0037962059328375,72.04627515466322,38.008271450851055,24.780494442442595,171.77849817276,201.4478675111739,171.77849817276,342.8779736540975,0.6790226914225173,0.0,0.0
2025-06-23,JPM,275.05999755859375,278.54998779296875,272.1099853515625,278.2699890136719,8094600,0.0118908691406249,72.50355374796024,39.21960845731928,27.668317245417935,184.52749757766725,208.76426003522133,184.52749757766725,347.26410479142623,21.79089036390826,0.0,0.0
2025-06-24,JPM,280.2099914550781,282.7099914550781,279.510009765625,281.260009765625,9267900,0.0107450349301096,72.9394571732042,39.960234736533465,30.12670074364104,197.41299810409544,215.66861715240265,197.41299810409544,347.4388079523266,47.38718825586432,0.0,0.0
2025-06-25,JPM,281.5,284.2799987792969,280.9100036621094,284.05999755859375,6826900,0.0099551578459446,73.36527954626206,40.30847105004028,32.16305480492089,210.4219980239868,222.18208195299223,210.4219980239868,341.9879794302575,78.85601661771614,0.0,0.0
2025-06-26,JPM,284.70001220703125,289.4100036621094,284.4700012207031,288.75,8942100,0.0165106050894716,74.10044631232104,40.49608122204481,33.829660088345676,223.67999801635744,228.5218836717549,223.67999801635744,327.8544925012914,119.5055035314234,0.0,0.0
2025-06-27,JPM,285.80999755859375,288.70001220703125,285.0400085449219,287.1099853515625,17858900,-0.0056797044101731,73.33814444715813,40.050748066081326,35.07387768389281,229.25049743652343,234.10170287935563,229.25049743652343,334.47625475953276,124.0247401135141,0.0,0.0
2025-06-13,META,687.9500122070312,694.5700073242188,681.010009765625,682.8699951171875,9274400,-0.0151292120341443,91.02422906648586,94.75892923486902,52.863520196478426,280.4899963378906,316.41481627602866,280.4899963378906,569.7260962471228,-8.746103571341507,0.0,0.0
2025-06-16,META,699.3300170898438,707.1500244140625,693.510009765625,702.1199951171875,13720300,0.0281898459994518,91.36508029293245,113.31773795771954,64.95436374872665,306.7984962463379,353.1486428323295,306.7984962463379,644.8186460904273,-31.22165359775147,0.0,0.0
2025-06-17,META,702.0,705.969970703125,696.0599975585938,697.22998046875,10066100,-0.0069646423438223,90.42568363495016,126.17665829047388,77.19882265707611,332.99399490356444,385.9182940357981,332.99399490356444,705.0650263941311,-39.077036587002226,0.0,0.0
2025-06-18,META,698.1799926757812,701.5900268554688,694.9000244140625,695.77001953125,10068300,-0.0020939445783992,90.12773391497343,134.69693621667204,88.6984453689953,359.4504959106445,415.4279821782221,359.4504959106445,754.9547628112032,-36.05377098991414,0.0,0.0
2025-06-20,META,700.75,701.8200073242188,678.6699829101562,682.3499755859375,22538600,-0.0192880457171088,87.28086412745465,138.76681500404828,98.7121192960059,385.3084945678711,440.84912440752834,385.3084945678711,794.0314663820968,-23.414477246354693,0.0,0.0
2025-06-23,META,683.6900024414062,699.0499877929688,678.75,698.530029296875,11080100,0.0237122507362055,87.78196063529356,141.6647948058104,107.3026543979668,411.8964958190918,465.3901629684185,411.8964958190918,829.3848334549973,-5.591841816813769,0.0,0.0
2025-06-24,META,704.8900146484375,713.1900024414062,702.1099853515625,712.2000122070312,13823200,0.0195696424446005,88.20476838478082,143.41136115266437,114.52439574890631,438.9724967956543,488.89586289590545,438.9724967956543,860.5925068280478,17.352486763260856,0.0,0.0
2025-06-25,META,713.3200073242188,716.5800170898438,705.3800048828125,708.6799926757812,9320400,-0.0049424592402657,87.36637561739045,142.86463680479875,120.19244396008482,465.72949676513673,509.82768477970313,465.72949676513673,884.4862621471032,46.97273138317024,0.0,0.0
2025-06-26,META,714.3599853515625,728.219970703125,711.0499877929688,726.0900268554688,13964800,0.0245668487323198,87.97517400525012,142.19703912431157,124.59336299293015,488.6219985961914,530.4240983107285,488.6219985961914,911.7272598263714,65.51673736601134,0.0,0.0
2025-06-27,META,726.52001953125,735.4299926757812,725.8599853515625,733.6300048828125,18761600,0.0103843569646557,88.23949201424665,140.65499315888263,127.80568902612066,512.0559982299804,549.7770417937841,512.0559982299804,934.928799264958,89.18319719500289,0.0,0.0
2025-06-13,MSFT,476.4100036621094,479.1799926757813,472.760009765625,474.9599914550781,16814500,-0.0081650629648503,48.669286492870974,97.745243710174,120.14808104055342,532.753498840332,536.541704179416,532.753498840332,925.3795409615536,140.12745671911034,0.0,0.0
2025-06-16,MSFT,475.2099914550781,480.69000244140625,475.0,479.1400146484375,15626100,0.0088007901056119,49.09660269844582,81.47080741537371,112.41262631551749,543.0125,531.074876605037,543.0125,918.3980162057876,167.62698379421244,0.0,0.0
2025-06-17,MSFT,475.3999938964844,478.739990234375,474.0799865722656,478.0400085449219,15414100,-0.0022957926073503,48.98104438625526,67.7039886642911,103.4708987852722,553.1645004272461,526.023936789788,553.1645004272461,909.5072823441982,196.8217185102941,0.0,0.0
2025-06-18,MSFT,478.0,481.0,474.4599914550781,480.239990234375,17526500,0.0046020869595193,49.23837645245899,56.321961245771945,94.04111127737217,563.2630004882812,521.6635609273677,563.2630004882812,898.7066735046224,227.81932747194008,0.0,0.0
2025-06-20,MSFT,482.2300109863281,483.4599914550781,476.8699951171875,477.3999938964844,37576200,-0.0059137023064335,48.89551805403753,46.53602026988369,84.54009307587448,573.0699996948242,517.4479831149026,573.0699996948242,885.6513533578948,260.4886460317537,0.0,0.0
2025-06-23,MSFT,478.2099914550781,487.75,472.510009765625,486.0,24864000,0.0180142568359151,50.03022605023755,39.02468785236135,75.43701203117186,583.1669998168945,514.4529371039595,583.1669998168945,869.7157490976963,296.61825053609283,0.0,0.0
2025-06-24,MSFT,488.9500122070313,491.8500061035156,486.7999877929687,490.1099853515625,22305600,0.0084567599826388,50.59480404804205,33.02287709343159,66.95418504362381,593.2349990844726,512.1345607465884,593.2349990844726,850.334930841344,336.13506732760135,0.0,0.0
2025-06-25,MSFT,492.0400085449219,494.55999755859375,489.3900146484375,492.2699890136719,17495100,0.004407181503474,50.90872461955841,28.116582607561668,59.18666455641139,603.4929992675782,510.2426967720249,603.4929992675782,824.797654626398,382.1883439087584,0.0,0.0
2025-06-26,MSFT,492.9800109863281,498.0400085449219,492.80999755859375,497.4500122070313,21578900,0.0105227279926982,51.7013070278216,24.36542401887101,52.22241644890332,593.6975006103515,509.02434586107313,593.6975006103515,815.5662710380346,371.8287301826685,0.0,0.0
2025-06-27,MSFT,497.5499877929687,499.2999877929687,493.0299987792969,495.94000244140625,34532600,-0.0030355005097408,51.44058438937275,21.02835683538683,45.983604526200025,584.3510009765625,507.77821791634295,584.3510009765625,806.1556041835524,362.5463977695727,0.0,0.0
2025-06-13,NVDA,142.47999572753906,143.5800018310547,140.85000610351562,141.97000122070312,180820600,-0.0208965433054957,22.62220915865484,-34.120526834881616,21.034040289022116,528.7320022583008,441.6795390455087,528.7320022583008,859.2576444292586,198.20636008734297,0.0,0.0
2025-06-16,NVDA,143.35000610351562,146.17999267578125,143.1999969482422,144.69000244140625,183133700,0.0191589856822969,23.00636246111219,-52.55279351721924,6.316673527773845,501.1780014038086,413.39482127368944,501.1780014038086,861.9100625821061,140.4459402255111,0.0,0.0
2025-06-17,NVDA,144.49000549316406,145.22000122070312,143.77999877929688,144.1199951171875,139108000,-0.0039395073232484,22.980614318888954,-66.44060653332212,-8.234782484445349,474.2665023803711,387.749599734975,474.2665023803711,856.5806820390053,91.95232272173683,0.0,0.0
2025-06-18,NVDA,144.00999450683594,145.64999389648438,143.1199951171875,145.47999572753906,161494100,0.0094365851819917,23.20146271045697,-76.45572373048776,-21.878970733653833,446.6140007019043,364.6763041152192,446.6140007019043,839.8909718839616,53.337029519846965,0.0,0.0
2025-06-20,NVDA,145.4499969482422,146.1999969482422,142.64999389648438,143.85000610351562,242956200,-0.0112042182560697,23.115909640459293,-83.56106288653126,-34.21538916422932,418.19650039672854,343.64522811410455,418.19650039672854,812.7374743795945,23.65552641386267,0.0,0.0
2025-06-23,NVDA,142.5,144.77999877929688,142.02999877929688,144.1699981689453,154308900,0.0022244841977929,23.17580005682747,-88.15013479118596,-45.00233828962065,389.9710006713867,324.64758716694655,389.9710006713867,778.0661407333039,1.8758606094694985,0.0,0.0
2025-06-24,NVDA,145.55999755859375,147.9600067138672,145.5,147.89999389648438,187566100,0.0258722048617083,23.91975487912607,-90.44345203974493,-54.09056103964551,361.0614990234375,307.81448304595017,361.0614990234375,730.3842238985309,-8.261225851655922,0.0,0.0
2025-06-27,NVDA,156.0399932861328,158.7100067138672,155.25999450683594,157.75,258753300,0.0176106028402687,26.00111986111159,-89.54600397770864,-67.02980592843298,316.0749992370605,280.35666336041163,316.0749992370605,654.4898931674081,-22.33989469328702,0.0,0.0
2025-06-13,SPY,598.5,601.8499755859375,595.47998046875,597.0,89506000,-0.0111801242236024,68.59868320934004,-22.686959581557065,-55.77068607886773,328.4074989318848,338.3792641113574,328.4074989318848,697.0326508977721,-40.21765303400253,0.0,0.0
2025-06-16,SPY,600.4000244140625,604.4500122070312,600.219970703125,602.6799926757812,79984100,0.0095142255875733,68.86493101767972,1.0603668256716787,-44.40447549795985,334.6394981384277,363.55076206987394,334.6394981384277,717.1264312272747,-47.847434950419256,0.0,0.0
2025-06-17,SPY,600.2100219726562,601.75,596.760009765625,597.530029296875,82209400,-0.008545104270081,68.29947788630705,19.242914746115673,-31.674997449144747,340.5040000915527,385.8345018057788,340.5040000915527,735.1444314539729,-54.13643127086738,0.0,0.0
2025-06-18,SPY,598.4400024414062,601.219970703125,596.469970703125,597.4400024414062,76605000,-0.0001506649892971,68.288921837823,33.262026618436266,-18.687592635628544,346.5060005187988,405.9874066282195,346.5060005187988,752.7720380682587,-59.76003703066101,0.0,0.0
2025-06-20,SPY,598.3800048828125,599.4600219726562,592.8599853515625,594.280029296875,94051400,-0.0052891890928263,67.89227831243448,43.61452921207592,-6.22716826608765,351.9200019836426,423.9200373585677,351.9200019836426,768.2390218564143,-64.39901788912914,0.0,0.0
2025-06-23,SPY,595.0399780273438,600.5399780273438,591.8900146484375,600.1500244140625,87426000,0.0098774901188125,68.26107025428968,51.69669433938037,5.357604255005954,357.42200393676757,440.70384564956714,357.42200393676757,783.6904319400302,-68.84642406649505,0.0,0.0
2025-06-24,SPY,604.3300170898438,607.8499755859375,603.4099731445312,606.780029296875,67735300,0.011047245877038,68.69839031192326,57.96862815524918,15.8798090350546,363.1475059509277,456.52062504454886,363.1475059509277,799.464748752028,-73.16973685017251,0.0,0.0
2025-06-25,SPY,607.9099731445312,608.6099853515625,605.5399780273438,607.1199951171875,62114800,0.0005602785258216,68.72218881075204,62.249045049014626,25.153656237846608,368.6310050964355,470.863422194324,368.6310050964355,814.2199903403497,-76.95798014747857,0.0,0.0
2025-06-26,SPY,608.989990234375,612.3099975585938,608.3699951171875,611.8699951171875,78548400,0.0078238240186492,69.07595975316107,65.27217458060852,33.17735990639899,374.4275047302246,484.2926196155491,374.4275047302246,829.4073627799517,-80.55235331950252,0.0,0.0
2025-06-27,SPY,612.8800048828125,616.3900146484375,610.8300170898438,614.9099731445312,85980500,0.0049683397643343,69.31516522628903,67.13938628326235,39.96976518177166,397.9230033874512,496.73236757069026,397.9230033874512,851.6161650506208,-55.77015827571847,0.0,0.0
2025-06-16,TSLA,331.2900085449219,332.04998779296875,326.4100036621094,329.1300048828125,83925900,0.0117426680793315,39.02959516655102,26.97696818196624,38.133673411811145,416.312003326416,465.99914921842145,416.312003326416,841.2333022741059,-8.609295621273816,0.0,0.0
2025-06-18,TSLA,317.30999755859375,329.32000732421875,315.45001220703125,322.04998779296875,95137700,0.0180179597897272,38.817379463775715,0.1176498617033985,26.306987544759984,433.7520034790039,439.3947677711756,433.7520034790039,825.7078025632177,41.79620439479015,0.0,0.0
2025-06-20,TSLA,327.95001220703125,332.3599853515625,317.7799987792969,322.1600036621094,108688000,0.0003416111576173,38.8306792546786,-8.97832846520788,19.249924342766413,442.6675033569336,428.2295521417406,442.6675033569336,815.4855892267292,69.849417487138,0.0,0.0
2025-06-25,TSLA,342.70001220703125,343.0,320.3999938964844,327.54998779296875,119845100,0.016730767536595,39.52428800683524,-15.572519833799618,12.285435507453208,451.8365028381348,418.6410222037624,451.8365028381348,803.2440999428452,100.4289057334243,0.0,0.0
2025-06-26,TSLA,324.6099853515625,331.04998779296875,323.6099853515625,325.7799987792969,80440900,-0.00540372181235,39.36642707072078,-20.702640174000067,5.6878203711625535,460.7305030822754,409.7971152109562,460.7305030822754,789.1714482933057,132.2895578712451,0.0,0.0
2025-06-27,TSLA,324.510009765625,329.3399963378906,317.5,323.6300048828125,88826400,-0.0065995269953356,39.16181803745357,-24.657547188133037,-0.3812531406965649,469.16100311279297,401.590723751133,469.16100311279297,773.5566152244918,164.76539100109414,0.0,0.0
2025-06-13,UNH,315.8999938964844,317.4200134277344,311.9100036621094,313.5299987792969,13762400,-0.0156043994370584,38.12148304113138,-30.491176851426133,-10.803734105066072,462.6875030517578,386.0442431358038,462.6875030517578,743.4984913444027,181.8765147591129,0.0,0.0
2025-06-16,UNH,313.0,313.2699890136719,304.7900085449219,307.6600036621094,14240100,-0.018722275827008,37.47493441848422,-32.65434293227901,-15.17385587050866,448.22050323486326,378.5790774716425,448.22050323486326,729.6745324424605,166.76647402726593,0.0,0.0
2025-06-17,UNH,307.45001220703125,309.95001220703125,305.5199890136719,308.8699951171875,11593900,0.0039328851351345,37.70945597816174,-33.880478373199935,-18.915180371046915,433.5300033569336,371.94011724740864,433.5300033569336,711.8558797274184,155.2041269864489,0.0,0.0
2025-06-18,UNH,307.54998779296875,311.7900085449219,306.2300109863281,307.20001220703125,12205600,-0.0054067502073894,37.50039218090023,-34.588241490706594,-22.049792594978857,419.0135025024414,365.7743929578489,419.0135025024414,691.8413418082773,146.18566319660545,0.0,0.0
2025-06-20,UNH,309.5,309.5899963378906,301.5899963378906,302.010009765625,16177900,-0.0168945385259573,36.81723605349989,-35.162606048287444,-24.672355285640577,404.2420028686523,359.7015945585895,404.2420028686523,668.6904881753296,139.79351756197508,0.0,0.0
2025-06-23,UNH,301.8999938964844,302.4700012207031,295.5199890136719,300.67999267578125,12274700,-0.0044038841324361,36.6330606179418,-35.31799154018836,-26.801482536550132,389.56200103759767,354.08048961736966,389.56200103759767,642.53061422755,136.59338784764535,0.0,0.0
2025-06-24,UNH,301.45001220703125,305.82000732421875,299.3299865722656,305.6199951171875,8781400,0.0164294351527838,37.87612517862744,-34.64317380728983,-28.36982079069807,374.8354995727539,349.46520442687614,374.8354995727539,610.7707212573059,138.90027788820197,0.0,0.0
2025-06-25,UNH,304.3800048828125,304.3800048828125,299.79998779296875,302.0199890136719,8722100,-0.0117793539723578,37.301847347949305,-34.00685642587155,-29.49722791773277,359.5974975585938,344.94661248276145,359.5974975585938,571.8176868705716,147.37730824661594,0.0,0.0
2025-06-26,UNH,302.57000732421875,306.7099914550781,301.2900085449219,302.6199951171875,6532700,0.0019866436836684,37.4720115025015,-33.07291090880045,-30.21236451594631,344.37249755859375,340.9155060669925,344.37249755859375,524.6667460774387,164.07824903974884,0.0,0.0
2025-06-27,UNH,302.95001220703125,310.45001220703125,302.20001220703125,309.1099853515625,13591600,0.0214460060111421,39.38822286709934,-31.446567924776957,-30.45920519771244,329.2344970703125,337.8864088559992,329.2344970703125,461.62440048915494,196.84459365147003,0.0,0.0
